Th,Tm
303.1522186,38.59606733
313.1336858,40.7775243
323.0368965,43.28335941
333.0179915,45.60904648
342.8435041,48.2229146
352.6696681,50.58438004
362.9596016,53.23514314