x,concentration,mobility
0,3.49E-01,2545.175545
1,3.09E-01,1675.123012
3,2.97E-01,1548.847164
5,4.32E-01,1429.101915
7,4.81E-01,1051.017596