x,concentration,mobility
0,3.486428197,25.45175545
1,3.093365346,16.75123012
3,2.973003957,15.48847164
5,4.319187107,14.29101915
7,4.813427285,10.51017596